official_name,filing_label,form_type,filing_date,pdf_url
"Abizaid, Christine",Christine-Abizaid-02.27.2022-278T.pdf,278-T,02.27.2022,https://extapps2.oge.gov/201/Presiden.nsf/PAS+Index/98FECB7040C731B58525880A002E4F5F/$FILE/Christine-Abizaid-02.27.2022-278T.pdf
"Abizaid, Christine",Christine-Abizaid-12.03.2022-278T.pdf,278-T,12.03.2022,https://extapps2.oge.gov/201/Presiden.nsf/PAS+Index/6AE894D70FFEB5A38525896F003437B7/$FILE/Christine-Abizaid-12.03.2022-278T.pdf
"Abizaid, Christine",Christine-Abizaid-01.16.2024-278T.pdf,278-T,01.16.2024,https://extapps2.oge.gov/201/Presiden.nsf/PAS+Index/80DB0B1C70FA61E185258AF6002EF2E1/$FILE/Christine-Abizaid-01.16.2024-278T.pdf
"Abizaid, Christine",Christine-Abizaid-11.05.2023-278T.pdf,278-T,11.05.2023,https://extapps2.oge.gov/201/Presiden.nsf/PAS+Index/1FC5F58F66121BF985258AF6002EF2EB/$FILE/Christine-Abizaid-11.05.2023-278T.pdf
"Adeyemo, Adewale",Adewale-Adeyemo-05.31.2021-278T.pdf,278-T,05.31.2021,https://extapps2.oge.gov/201/Presiden.nsf/PAS+Index/ED2CFB66004BF9D085258711002E41EB/$FILE/Adewale-Adeyemo-05.31.2021-278T.pdf
"Adeyemo, Adewale",Adewale-Adeyemo-10.09.2023-278T.pdf,278-T,10.09.2023,https://extapps2.oge.gov/201/Presiden.nsf/PAS+Index/C4E71C4B7B921CEB85258A8400346EF1/$FILE/Adewale-Adeyemo-10.09.2023-278T.pdf
"Albright, Alice",Alice-Albright-04.19.2022-278T.pdf,278-T,04.19.2022,https://extapps2.oge.gov/201/Presiden.nsf/PAS+Index/EEE35F23A1BB494985258845002EC2D8/$FILE/Alice-Albright-04.19.2022-278T.pdf
"Albright, Alice",Alice-Albright-10.24..2022-278T.pdf,278-T,,https://extapps2.oge.gov/201/Presiden.nsf/PAS+Index/AC7744B00F48FC8385258902003439F9/$FILE/Alice-Albright-10.24..2022-278T.pdf
"Austin, Lloyd",Lloyd-Austin-03.29.2021-278T.pdf,278-T,03.29.2021,https://extapps2.oge.gov/201/Presiden.nsf/PAS+Index/2B6EEA9072604BFB852586B0002EC78E/$FILE/Lloyd-Austin-03.29.2021-278T.pdf
"Bailey, Sara",Sara-Bailey-04.01.2026-278T.pdf,278-T,04.01.2026,https://extapps2.oge.gov/201/Presiden.nsf/PAS+Index/7F5276881004F82A85258E13002D93A3/$FILE/Sara-Bailey-04.01.2026-278T.pdf
"Barrett, Barbara M",Barbara-M-Barrett-08.04.2020-278T.pdf,278-T,08.04.2020,https://extapps2.oge.gov/201/Presiden.nsf/PAS+Index/3D0B2362B045514A852585FD0027E8B7/$FILE/Barbara-M-Barrett-08.04.2020-278T.pdf
"Barrett, Barbara M",Barbara-M-Barrett-07.01.2020-278T.pdf,278-T,07.01.2020,https://extapps2.oge.gov/201/Presiden.nsf/PAS+Index/15FBA8DF3B20C726852585FD0027E8B9/$FILE/Barbara-M-Barrett-07.01.2020-278T.pdf
"Barrett, Barbara M",Barbara-M-Barrett-09.02.2020-278T.pdf,278-T,09.02.2020,https://extapps2.oge.gov/201/Presiden.nsf/PAS+Index/55011BDFB915DDB2852585FD0027E8BC/$FILE/Barbara-M-Barrett-09.02.2020-278T.pdf
"Barrett, Barbara M",Barbara-M-Barrett-10.05.2020-278T.pdf,278-T,10.05.2020,https://extapps2.oge.gov/201/Presiden.nsf/PAS+Index/61D29B0A63B0ED1C8525860E0027D859/$FILE/Barbara-M-Barrett-10.05.2020-278T.pdf
"Barrett, Barbara M",Barbara-M-Barrett-02.11.2020-278T.pdf,278-T,02.11.2020,https://extapps2.oge.gov/201/Presiden.nsf/PAS+Index/6FBF27DFE659D38085258618002D5F5A/$FILE/Barbara-M-Barrett-02.11.2020-278T.pdf
"Barrett, Barbara M",Barbara-M-Barrett-11.06.2020-278T.pdf,278-T,11.06.2020,https://extapps2.oge.gov/201/Presiden.nsf/PAS+Index/E85E1702AC4B6AA485258634002D5998/$FILE/Barbara-M-Barrett-11.06.2020-278T.pdf
"Barrett, Barbara M",Babara-M-Barrett-12.02.2020-278T.pdf,278-T,12.02.2020,https://extapps2.oge.gov/201/Presiden.nsf/PAS+Index/ADDCECE44626E6C58525863F002D66F9/$FILE/Babara-M-Barrett-12.02.2020-278T.pdf
"Barrett, Barbara M",Barbara-M-Barrett-03.05.2020-278T.pdf,278-T,03.05.2020,https://extapps2.oge.gov/201/Presiden.nsf/PAS+Index/BED74A85FD9A86AA85258642002D67F0/$FILE/Barbara-M-Barrett-03.05.2020-278T.pdf
"Barrett, Barbara M",Barbara-M-Barrett-01.04.2021-278T.pdf,278-T,01.04.2021,https://extapps2.oge.gov/201/Presiden.nsf/PAS+Index/BA07E219180513AD8525866200317B4B/$FILE/Barbara-M-Barrett-01.04.2021-278T.pdf
"Barrett, Barbara M",Barbara-M-Barrett-02.01.2021-278T.pdf,278-T,02.01.2021,https://extapps2.oge.gov/201/Presiden.nsf/PAS+Index/EE813D04E90EFF8F8525867F0032D37A/$FILE/Barbara-M-Barrett-02.01.2021-278T.pdf
"Beaudreau, Tommy",Tommy-Beaudreau-09.14.2021-278T.pdf,278-T,09.14.2021,https://extapps2.oge.gov/201/Presiden.nsf/PAS+Index/9232F06CF01FD62985258760002E510D/$FILE/Tommy-Beaudreau-09.14.2021-278T.pdf
"Beaudreau, Tommy",Tommy-Beaudreau-08.04.2023-278T.pdf,278-T,08.04.2023,https://extapps2.oge.gov/201/Presiden.nsf/PAS+Index/43148E7E3207359785258C150032DBE5/$FILE/Tommy-Beaudreau-08.04.2023-278T.pdf
"Bedford, Bryan",Bryan-Bedford-09.02.2025-278T.pdf,278-T,09.02.2025,https://extapps2.oge.gov/201/Presiden.nsf/PAS+Index/2D38D470438A3C4A85258D4F00317899/$FILE/Bryan-Bedford-09.02.2025-278T.pdf
"Bedford, Bryan",Bryan-Bedford-10.07.2025-278T.pdf,278-T,10.07.2025,https://extapps2.oge.gov/201/Presiden.nsf/PAS+Index/1B3A289F103446F685258D6500343C16/$FILE/Bryan-Bedford-10.07.2025-278T.pdf
"Bedford, Bryan",Bryan-Bedford-11.03.2025-278T.pdf,278-T,11.03.2025,https://extapps2.oge.gov/201/Presiden.nsf/PAS+Index/BC33926D1346296F85258D86003449A3/$FILE/Bryan-Bedford-11.03.2025-278T.pdf
"Bedford, Bryan",Bryan-Bedford-02.27.2026-278T.pdf,278-T,02.27.2026,https://extapps2.oge.gov/201/Presiden.nsf/PAS+Index/EC797C6A3CC5ABA085258DD4002D9D81/$FILE/Bryan-Bedford-02.27.2026-278T.pdf
"Bessent, Scott",Scott-Bessent-07.14.2025-278T.pdf,278-T,07.14.2025,https://extapps2.oge.gov/201/Presiden.nsf/PAS+Index/BA716BA5B423A76685258CE6002C8303/$FILE/Scott-Bessent-07.14.2025-278T.pdf
"Bessent, Scott",Scott-Bessent-12.05.2025-278T.pdf,278-T,12.05.2025,https://extapps2.oge.gov/201/Presiden.nsf/PAS+Index/FE9B4FD2E26CCFAC85258D7100343B09/$FILE/Scott-Bessent-12.05.2025-278T.pdf
"Bhatt, Shailen",Shailen-Bhatt-03.06.2023-278T.pdf,278-T,03.06.2023,https://extapps2.oge.gov/201/Presiden.nsf/PAS+Index/70EC85CCC7AED3B585258987002EBE51/$FILE/Shailen-Bhatt-03.06.2023-278T.pdf
"Bisignano, Frank J",Frank-J-Bisignano-06.26.2025-278T.pdf,278-T,06.26.2025,https://extapps2.oge.gov/201/Presiden.nsf/PAS+Index/9A2C2ECDD1FAECA185258CC8002C7D03/$FILE/Frank-J-Bisignano-06.26.2025-278T.pdf
"Bisignano, Frank J",Frank-J-Bisignano-07.03.2025-278T.pdf,278-T,07.03.2025,https://extapps2.oge.gov/201/Presiden.nsf/PAS+Index/FB264D7E3496773E85258CCC002C7F4A/$FILE/Frank-J-Bisignano-07.03.2025-278T.pdf
"Bisignano, Frank J",Frank-J-Bisignano-09.09.2025-278T.pdf,278-T,09.09.2025,https://extapps2.oge.gov/201/Presiden.nsf/PAS+Index/AA16C26F767256C285258D5F00343F7B/$FILE/Frank-J-Bisignano-09.09.2025-278T.pdf
"Bisignano, Frank J",Frank-J-Bisignano-08.08.2025-278T.pdf,278-T,08.08.2025,https://extapps2.oge.gov/201/Presiden.nsf/PAS+Index/FCA8E4D588C234CD85258D5F00343F83/$FILE/Frank-J-Bisignano-08.08.2025-278T.pdf
"Bisignano, Frank J",Frank-J-Bisignano-02.10.2026-278T.pdf,278-T,02.10.2026,https://extapps2.oge.gov/201/Presiden.nsf/PAS+Index/FCD5083EB618F35085258DB200344824/$FILE/Frank-J-Bisignano-02.10.2026-278T.pdf
"Blanche, Todd",Todd-Blanche-06.03.2025-278T.pdf,278-T,06.03.2025,https://extapps2.oge.gov/201/Presiden.nsf/PAS+Index/9E22E6BED062C62D85258CC5002C7DEA/$FILE/Todd-Blanche-06.03.2025-278T.pdf
"Blinken, Antony J",Anthony-J-Blinken-04.26.2021-278T.pdf,278-T,04.26.2021,https://extapps2.oge.gov/201/Presiden.nsf/PAS+Index/843610542B32BDB2852586D9002EC103/$FILE/Anthony-J-Blinken-04.26.2021-278T.pdf
"Bondi, Pam",Pam-Bondi-05.05.2025-278T.pdf,278-T,05.05.2025,https://extapps2.oge.gov/201/Presiden.nsf/PAS+Index/102E39A4A731A68785258C8A002C7208/$FILE/Pam-Bondi-05.05.2025-278T.pdf
"Burgum, Douglas J",Douglas-J-Burgum-04.30.2025-278T.pdf,278-T,04.30.2025,https://extapps2.oge.gov/201/Presiden.nsf/PAS+Index/E15FC684C226F64785258C8A002C72AC/$FILE/Douglas-J-Burgum-04.30.2025-278T.pdf
"Burgum, Douglas J",Douglas-J-Burgum-06.12.2025-278T.pdf,278-T,06.12.2025,https://extapps2.oge.gov/201/Presiden.nsf/PAS+Index/4570FD57E16F594E85258CC8002C7DA3/$FILE/Douglas-J-Burgum-06.12.2025-278T.pdf
"Burgum, Douglas J",Doug-Burgum-09.18.2025-278T.pdf,278-T,09.18.2025,https://extapps2.oge.gov/201/Presiden.nsf/PAS+Index/7C0B79B66E94715885258D4F00317C5D/$FILE/Doug-Burgum-09.18.2025-278T.pdf
"Burgum, Douglas J",Douglas-J-Burgum-11.13.2025-278T.pdf,278-T,11.13.2025,https://extapps2.oge.gov/201/Presiden.nsf/PAS+Index/056ABAA54A1FAC1585258D8600344DDF/$FILE/Douglas-J-Burgum-11.13.2025-278T.pdf
"Burgum, Douglas J",Douglas-J-Burgum-02.27.2026-278T.pdf,278-T,02.27.2026,https://extapps2.oge.gov/201/Presiden.nsf/PAS+Index/4AFD3C0AAAA300E285258DFE002D984E/$FILE/Douglas-J-Burgum-02.27.2026-278T.pdf
"Burns, William J",William-J-Burns-01.04.2023-278T.pdf,278-T,01.04.2023,https://extapps2.oge.gov/201/Presiden.nsf/PAS+Index/5F185826C75E415D8525894800344166/$FILE/William-J-Burns-01.04.2023-278T.pdf
"Burns, William J",William-J-Burns-01.31.2023-278T.pdf,278-T,01.31.2023,https://extapps2.oge.gov/201/Presiden.nsf/PAS+Index/D426EF48471B28C085258968003438A1/$FILE/William-J-Burns-01.31.2023-278T.pdf
"Chao, Elaine L",Elaine-L-Chao-06.23.2020-278T.pdf,278-T,06.23.2020,https://extapps2.oge.gov/201/Presiden.nsf/PAS+Index/90C20BA07F37AD64852585AF0027D816/$FILE/Elaine-L-Chao-06.23.2020-278T.pdf
"Chao, Elaine L",Elaine-L-Chao-09.11.2020-278T.pdf,278-T,09.11.2020,https://extapps2.oge.gov/201/Presiden.nsf/PAS+Index/A86912776DFE30B5852586040027DFD8/$FILE/Elaine-L-Chao-09.11.2020-278T.pdf
"Chao, Elaine L",Elaine-L-Chao-12.07.2020-278T.pdf,278-T,12.07.2020,https://extapps2.oge.gov/201/Presiden.nsf/PAS+Index/E4782F4E33E9DA5885258654003178FF/$FILE/Elaine-L-Chao-12.07.2020-278T.pdf
"Chavez-DeRemer, Lori",Lori-Chavez-DeRemer-07.02.2025-278T.pdf,278-T,07.02.2025,https://extapps2.oge.gov/201/Presiden.nsf/PAS+Index/B8D0AFF6500BD71F85258D00002BFAF9/$FILE/Lori-Chavez-DeRemer-07.02.2025-278T.pdf
"Coloretti, Nani A",Nani-A-Coloretti-06.02.2022-278T.pdf,278-T,06.02.2022,https://extapps2.oge.gov/201/Presiden.nsf/PAS+Index/518C99278C9FF2F18525886F002EC524/$FILE/Nani-A-Coloretti-06.02.2022-278T.pdf
"Criswell, Deanne",Deanne-Chriswell-08.05.2021-278T.pdf,278-T,08.05.2021,https://extapps2.oge.gov/201/Presiden.nsf/PAS+Index/C9A5D86474A7CEFE85258735002E4AB2/$FILE/Deanne-Chriswell-08.05.2021-278T.pdf
"Criswell, Deanne",Deanne-Criswell-08.10.2021-278T.pdf,278-T,08.10.2021,https://extapps2.oge.gov/201/Presiden.nsf/PAS+Index/93FDEB99F2A1DF7E85258742002E548A/$FILE/Deanne-Criswell-08.10.2021-278T.pdf
"Criswell, Deanne",Deanne-Criswell-08.23.2021-278T.pdf,278-T,08.23.2021,https://extapps2.oge.gov/201/Presiden.nsf/PAS+Index/B60B3A50D1966CA58525874A002E54D5/$FILE/Deanne-Criswell-08.23.2021-278T.pdf
"Criswell, Deanne",Deanne-Criswell-09.06.2021-278T.pdf,278-T,09.06.2021,https://extapps2.oge.gov/201/Presiden.nsf/PAS+Index/FD54C77633EEF27385258750002E5457/$FILE/Deanne-Criswell-09.06.2021-278T.pdf
"Criswell, Deanne",Deanne-Criswell-12.01.2021-278T.pdf,278-T,12.01.2021,https://extapps2.oge.gov/201/Presiden.nsf/PAS+Index/E85AB5CBC0931285852587AC0033CDC5/$FILE/Deanne-Criswell-12.01.2021-278T.pdf
"Criswell, Deanne",Deanne-Criswell-01.20.2022-278T.pdf,278-T,01.20.2022,https://extapps2.oge.gov/201/Presiden.nsf/PAS+Index/3909A58D046FDEEA852587DC0033C377/$FILE/Deanne-Criswell-01.20.2022-278T.pdf
"Criswell, Deanne",Deanne-Criswell-02.04.2022-278T.pdf,278-T,02.04.2022,https://extapps2.oge.gov/201/Presiden.nsf/PAS+Index/9B1EEC36309D0956852588030033C13A/$FILE/Deanne-Criswell-02.04.2022-278T.pdf
"Criswell, Deanne",Deanne-Criswell-05.18.2022-278T.pdf,278-T,05.18.2022,https://extapps2.oge.gov/201/Presiden.nsf/PAS+Index/05BBA24C3215FBC08525886F002EC55E/$FILE/Deanne-Criswell-05.18.2022-278T.pdf
"Criswell, Deanne",Deanne-Criswell-07.01.2022-278T.pdf,278-T,07.01.2022,https://extapps2.oge.gov/201/Presiden.nsf/PAS+Index/D35261AFD48DF3EE852588B1002EB958/$FILE/Deanne-Criswell-07.01.2022-278T.pdf
"Criswell, Deanne",Deanne-Criswell-08.10.2022-278T.pdf,278-T,08.10.2022,https://extapps2.oge.gov/201/Presiden.nsf/PAS+Index/251763FD50CDF140852588D1002ED451/$FILE/Deanne-Criswell-08.10.2022-278T.pdf
"Criswell, Deanne",Deanne-Criswell-01.04.2023-278T.pdf,278-T,01.04.2023,https://extapps2.oge.gov/201/Presiden.nsf/PAS+Index/B064D2C895C8D7008525894F003442AC/$FILE/Deanne-Criswell-01.04.2023-278T.pdf
"Criswell, Deanne",Deanne-Criswell-06.09.2023-278T.pdf,278-T,06.09.2023,https://extapps2.oge.gov/201/Presiden.nsf/PAS+Index/9186734EDFB39F6085258A0C002EF245/$FILE/Deanne-Criswell-06.09.2023-278T.pdf
"Criswell, Deanne",Deanne-Criswell-09.08.2023-278T.pdf,278-T,09.08.2023,https://extapps2.oge.gov/201/Presiden.nsf/PAS+Index/651911337FC85C0085258A54002EEBC8/$FILE/Deanne-Criswell-09.08.2023-278T.pdf
"Criswell, Deanne",Dianne-Criswell-12.19.2023-278T.pdf,278-T,12.19.2023,https://extapps2.oge.gov/201/Presiden.nsf/PAS+Index/5050D101570BB0D085258ACA00347878/$FILE/Dianne-Criswell-12.19.2023-278T.pdf
"Criswell, Deanne",Deanne-Criswell-04.02.2024-278T.pdf,278-T,04.02.2024,https://extapps2.oge.gov/201/Presiden.nsf/PAS+Index/25E7F390E4D9D1F785258B10002EFB8D/$FILE/Deanne-Criswell-04.02.2024-278T.pdf
"Criswell, Deanne",Deanne-Criswell-06.24.2024-278T.pdf,278-T,06.24.2024,https://extapps2.oge.gov/201/Presiden.nsf/PAS+Index/E17EF5BDAB771EB385258B86002DDD08/$FILE/Deanne-Criswell-06.24.2024-278T.pdf
"Criswell, Deanne",Deanne-Criswell-12.19.2024-278T.pdf,278-T,12.19.2024,https://extapps2.oge.gov/201/Presiden.nsf/PAS+Index/7D4E0C157D5EAD7085258C1D00320572/$FILE/Deanne-Criswell-12.19.2024-278T.pdf
"Del Toro, Carlos",Carlos-Del-Toro-10.07.2021-278T.pdf,278-T,10.07.2021,https://extapps2.oge.gov/201/Presiden.nsf/PAS+Index/D2142FF3BFE2311585258773002E4651/$FILE/Carlos-Del-Toro-10.07.2021-278T.pdf
"Del Toro, Carlos",Carlos-Del-Toro-01.05.2022-278T.pdf,278-T,01.05.2022,https://extapps2.oge.gov/201/Presiden.nsf/PAS+Index/EFDA59E7D7F48C1C852587CF0033C5E2/$FILE/Carlos-Del-Toro-01.05.2022-278T.pdf
"Del Toro, Carlos",Carlos-Del-Toro-07.13.2022-278T.pdf,278-T,07.13.2022,https://extapps2.oge.gov/201/Presiden.nsf/PAS+Index/10268FAA79969ED885258893002ECD3C/$FILE/Carlos-Del-Toro-07.13.2022-278T.pdf
"Del Toro, Carlos",Carlos-Del-Toro-05.16.2023-278T.pdf,278-T,05.16.2023,https://extapps2.oge.gov/201/Presiden.nsf/PAS+Index/07BDE239CAA48EDA852589CA002EEE01/$FILE/Carlos-Del-Toro-05.16.2023-278T.pdf
"Del Toro, Carlos",Carlos-Del-Toro-05.16.2023-278T(1).pdf,278-T,05.16.2023,https://extapps2.oge.gov/201/Presiden.nsf/PAS+Index/4568A12C9C0816CC852589CA002EEE07/$FILE/Carlos-Del-Toro-05.16.2023-278T(1).pdf
"Del Toro, Carlos",Carlos-Del-Toro-07.28.2023-278T.pdf,278-T,07.28.2023,https://extapps2.oge.gov/201/Presiden.nsf/PAS+Index/D24E1708CFB14BEF85258A0E002EF2ED/$FILE/Carlos-Del-Toro-07.28.2023-278T.pdf
"DeVos, Elisabeth (Betsy) P",Elisabeth-P-DeVos-07.14.2020-278T.pdf,278-T,07.14.2020,https://extapps2.oge.gov/201/Presiden.nsf/PAS+Index/98689A44DAD9CE88852585BE0027DE61/$FILE/Elisabeth-P-DeVos-07.14.2020-278T.pdf
"DeVos, Elisabeth (Betsy) P",Elisabeth (Betsy)-P-DeVos-09.08.2020-278T.pdf,278-T,09.08.2020,https://extapps2.oge.gov/201/Presiden.nsf/PAS+Index/35E71473FE5E4EF6852585F20027E92F/$FILE/Elisabeth (Betsy)-P-DeVos-09.08.2020-278T.pdf
"DeVos, Elisabeth (Betsy) P",Elisabeth-P-DeVos-10.02.2020-278T.pdf,278-T,10.02.2020,https://extapps2.oge.gov/201/Presiden.nsf/PAS+Index/0DEE584F2FBDA78E85258618002D605D/$FILE/Elisabeth-P-DeVos-10.02.2020-278T.pdf
"DeVos, Elisabeth (Betsy) P",Elisabeth-(Betsy)-P-DeVos-11.11.2020-278T.pdf,278-T,11.11.2020,https://extapps2.oge.gov/201/Presiden.nsf/PAS+Index/0636F82C82A2BACC8525863B002D5AA8/$FILE/Elisabeth-(Betsy)-P-DeVos-11.11.2020-278T.pdf
"DeVos, Elisabeth (Betsy) P",Elisabeth(Betsy)-P-DeVos-12.10.2020-278T.pdf,278-T,12.10.2020,https://extapps2.oge.gov/201/Presiden.nsf/PAS+Index/A6681E05181CEFF48525865C00317863/$FILE/Elisabeth(Betsy)-P-DeVos-12.10.2020-278T.pdf
"DeVos, Elisabeth (Betsy) P",Elisabeth-Betsy-P-DeVos-01.13.2021-278T.pdf,278-T,01.13.2021,https://extapps2.oge.gov/201/Presiden.nsf/PAS+Index/D1AE7C921D86457F8525866B0032DE36/$FILE/Elisabeth-Betsy-P-DeVos-01.13.2021-278T.pdf
"Dixon, Stacey",Stacy-Dixon-08.12.2021-278T.pdf,278-T,08.12.2021,https://extapps2.oge.gov/201/Presiden.nsf/PAS+Index/AE01276632D6DB948525873F002E548E/$FILE/Stacy-Dixon-08.12.2021-278T.pdf
"Dixon, Stacey",Stacey-Dixon-08.24.2021-278T(1).pdf,278-T,08.24.2021,https://extapps2.oge.gov/201/Presiden.nsf/PAS+Index/E19691CF6317598D85258742002E54E1/$FILE/Stacey-Dixon-08.24.2021-278T(1).pdf
"Dixon, Stacey",Stacey-Dixon-08.24.2021-278T.pdf,278-T,08.24.2021,https://extapps2.oge.gov/201/Presiden.nsf/PAS+Index/706D50AB594C0CB985258742002E54E3/$FILE/Stacey-Dixon-08.24.2021-278T.pdf
"Dixon, Stacey",Stacey-Dixon-02.10.2025-278T.pdf,278-T,02.10.2025,https://extapps2.oge.gov/201/Presiden.nsf/PAS+Index/F2DB7167AE9E497285258C58002C7886/$FILE/Stacey-Dixon-02.10.2025-278T.pdf
"Duffy, Sean",Sean-Duffy-04.23.2025-278T.pdf,278-T,04.23.2025,https://extapps2.oge.gov/201/Presiden.nsf/PAS+Index/FED6F4F51D33882F85258C8A002C760E/$FILE/Sean-Duffy-04.23.2025-278T.pdf
"Edgar, Troy D",Troy-D-Edgar-05.01.2025-278T.pdf,278-T,05.01.2025,https://extapps2.oge.gov/201/Presiden.nsf/PAS+Index/2F120963CF1EABAE85258C8A002C7650/$FILE/Troy-D-Edgar-05.01.2025-278T.pdf
"Faulkender, Michael W",Michael-W-Faulkender-06.26.2025-278T.pdf,278-T,06.26.2025,https://extapps2.oge.gov/201/Presiden.nsf/PAS+Index/AF83B6CFCFDD7C7985258D00002BFE32/$FILE/Michael-W-Faulkender-06.26.2025-278T.pdf
"Fernandez, Nuria",Nuria-Fernandez-07.07.2021-278T.pdf,278-T,07.07.2021,https://extapps2.oge.gov/201/Presiden.nsf/PAS+Index/AC295932689DD3558525873D002E5502/$FILE/Nuria-Fernandez-07.07.2021-278T.pdf
"Fernandez, Nuria",Nuria-Fernandez-07.29.2021-278T.pdf,278-T,07.29.2021,https://extapps2.oge.gov/201/Presiden.nsf/PAS+Index/C829902794BE0A4A85258742002E554A/$FILE/Nuria-Fernandez-07.29.2021-278T.pdf
"Fernandez, Nuria",Nuria-Fernandez-08.30.2021-278T.pdf,278-T,08.30.2021,https://extapps2.oge.gov/201/Presiden.nsf/PAS+Index/2395102CD1AD60C78525876D002E52EB/$FILE/Nuria-Fernandez-08.30.2021-278T.pdf
"Fernandez, Nuria",Nuria-Fernandez-10.30.2021-278T.pdf,278-T,10.30.2021,https://extapps2.oge.gov/201/Presiden.nsf/PAS+Index/F64C634001A37A688525879F0033CC91/$FILE/Nuria-Fernandez-10.30.2021-278T.pdf
"Fernandez, Nuria",Nuria-Fernandez-10.01.2021-278T.pdf,278-T,10.01.2021,https://extapps2.oge.gov/201/Presiden.nsf/PAS+Index/424C3DFA294E06D98525879F0033CC93/$FILE/Nuria-Fernandez-10.01.2021-278T.pdf
"Fernandez, Nuria",Nuria-Fernandez-12.01.2021-278T.pdf,278-T,12.01.2021,https://extapps2.oge.gov/201/Presiden.nsf/PAS+Index/407510E78159AB61852587CF0033C739/$FILE/Nuria-Fernandez-12.01.2021-278T.pdf
"Fernandez, Nuria",Nuria-Fernandez-12.28.2021-278T.pdf,278-T,12.28.2021,https://extapps2.oge.gov/201/Presiden.nsf/PAS+Index/621C0D4953056200852587E40033C449/$FILE/Nuria-Fernandez-12.28.2021-278T.pdf
"Fernandez, Nuria",Nuria-Fernandez-01.31.2022-278T.pdf,278-T,01.31.2022,https://extapps2.oge.gov/201/Presiden.nsf/PAS+Index/64F7E62F5BC31E838525880A002E54A5/$FILE/Nuria-Fernandez-01.31.2022-278T.pdf
"Fernandez, Nuria",Nuria-Fernandez-02.28.2022-278T.pdf,278-T,02.28.2022,https://extapps2.oge.gov/201/Presiden.nsf/PAS+Index/41A11AFB9D5496CA85258814002E5771/$FILE/Nuria-Fernandez-02.28.2022-278T.pdf
"Fernandez, Nuria",Nuria-Fernandez-03.30.2022-278T.pdf,278-T,03.30.2022,https://extapps2.oge.gov/201/Presiden.nsf/PAS+Index/FB3DEA696D2CE55185258837002E45C5/$FILE/Nuria-Fernandez-03.30.2022-278T.pdf
"Fernandez, Nuria",Nuri-Fernandez-05.07.2022-278T.pdf,278-T,05.07.2022,https://extapps2.oge.gov/201/Presiden.nsf/PAS+Index/15FA57FEA3BD1A048525886F002EC606/$FILE/Nuri-Fernandez-05.07.2022-278T.pdf
"Fernandez, Nuria",Nuria-Fernandez-06.01.2022-278T.pdf,278-T,06.01.2022,https://extapps2.oge.gov/201/Presiden.nsf/PAS+Index/D2F318F5577B091585258893002ECE02/$FILE/Nuria-Fernandez-06.01.2022-278T.pdf
"Fernandez, Nuria",Nuria-Fernandez-07.29.2022-278T.pdf,278-T,07.29.2022,https://extapps2.oge.gov/201/Presiden.nsf/PAS+Index/AF2C0188043F0C6D852588A7002EB7DE/$FILE/Nuria-Fernandez-07.29.2022-278T.pdf
"Fernandez, Nuria",Nuria-Fernandez-07.02.2022-278T.pdf,278-T,07.02.2022,https://extapps2.oge.gov/201/Presiden.nsf/PAS+Index/3DEC0AE06FFF3CAE852588A7002EB7E0/$FILE/Nuria-Fernandez-07.02.2022-278T.pdf
"Fernandez, Nuria",Nuria-Fernandez-08.30.2022-278T.pdf,278-T,08.30.2022,https://extapps2.oge.gov/201/Presiden.nsf/PAS+Index/7C0B52F950403C51852588E2002EC2F7/$FILE/Nuria-Fernandez-08.30.2022-278T.pdf
"Fernandez, Nuria",Nuria-Fernandez-10.30.2022-278T.pdf,278-T,10.30.2022,https://extapps2.oge.gov/201/Presiden.nsf/PAS+Index/9A7CB7754EF638E68525891300728D10/$FILE/Nuria-Fernandez-10.30.2022-278T.pdf
"Fernandez, Nuria",Nuria-Fernandez-09.30.2022-278T.pdf,278-T,09.30.2022,https://extapps2.oge.gov/201/Presiden.nsf/PAS+Index/AF140C79FB5CEE348525891300728D15/$FILE/Nuria-Fernandez-09.30.2022-278T.pdf
"Fernandez, Nuria",Nuria-Fernandez-11.30.2022-278T.pdf,278-T,11.30.2022,https://extapps2.oge.gov/201/Presiden.nsf/PAS+Index/59977FA2604BC58485258944003446A7/$FILE/Nuria-Fernandez-11.30.2022-278T.pdf
"Fernandez, Nuria",Nuria-Fernandez-12.30.2022-278T.pdf,278-T,12.30.2022,https://extapps2.oge.gov/201/Presiden.nsf/PAS+Index/AEFF5001C1465AC58525895A00344C10/$FILE/Nuria-Fernandez-12.30.2022-278T.pdf
"Fernandez, Nuria",Nuria-Fernandez-01.30.2023-278T.pdf,278-T,01.30.2023,https://extapps2.oge.gov/201/Presiden.nsf/PAS+Index/38C91041A26A679585258984002EBFB4/$FILE/Nuria-Fernandez-01.30.2023-278T.pdf
"Fernandez, Nuria",Nuria-Fernandez-03.03.2023-278T.pdf,278-T,03.03.2023,https://extapps2.oge.gov/201/Presiden.nsf/PAS+Index/C536263F735AB696852589A5002EFC12/$FILE/Nuria-Fernandez-03.03.2023-278T.pdf
"Fernandez, Nuria",Nuria-Fernandez-04.03.2023-278T.pdf,278-T,04.03.2023,https://extapps2.oge.gov/201/Presiden.nsf/PAS+Index/553533048A8B6047852589B8002EEBA6/$FILE/Nuria-Fernandez-04.03.2023-278T.pdf
"Fernandez, Nuria",Nuria-Fernandez-04.29.2023-278T.pdf,278-T,04.29.2023,https://extapps2.oge.gov/201/Presiden.nsf/PAS+Index/F24FF3FBB4A4D946852589DC002EF367/$FILE/Nuria-Fernandez-04.29.2023-278T.pdf
"Fernandez, Nuria",Nuria-Fernandez-05.20.2023-278T.pdf,278-T,05.20.2023,https://extapps2.oge.gov/201/Presiden.nsf/PAS+Index/229FBA014D76EB07852589F0002EF1FF/$FILE/Nuria-Fernandez-05.20.2023-278T.pdf
"Fernandez, Nuria",Nuria-Fernandez-06.14.2023-278T.pdf,278-T,06.14.2023,https://extapps2.oge.gov/201/Presiden.nsf/PAS+Index/D9CB0B9826A18DA2852589FE002EF382/$FILE/Nuria-Fernandez-06.14.2023-278T.pdf
"Fernandez, Nuria",Nuria-Fernandez-06.30.2023-278T.pdf,278-T,06.30.2023,https://extapps2.oge.gov/201/Presiden.nsf/PAS+Index/4085E16F22CCDA5385258A0C002EF319/$FILE/Nuria-Fernandez-06.30.2023-278T.pdf
"Fernandez, Nuria",Nuria-Fernandez-07.30.2023-278T.pdf,278-T,07.30.2023,https://extapps2.oge.gov/201/Presiden.nsf/PAS+Index/453FDF8D124EB46A85258A33002EF149/$FILE/Nuria-Fernandez-07.30.2023-278T.pdf
"Fernandez, Nuria",Nuria-Fernandez-08.30.2023-278T.pdf,278-T,08.30.2023,https://extapps2.oge.gov/201/Presiden.nsf/PAS+Index/A4B9E9A9005757CE85258A54002EECB5/$FILE/Nuria-Fernandez-08.30.2023-278T.pdf
"Fernandez, Nuria",Nuria-Fernandez-09.29.2023-278T.pdf,278-T,09.29.2023,https://extapps2.oge.gov/201/Presiden.nsf/PAS+Index/955D89B64EF36ED285258A6200347C2A/$FILE/Nuria-Fernandez-09.29.2023-278T.pdf
"Fernandez, Nuria",Nuria-Fernandez-10.30.2023-278T.pdf,278-T,10.30.2023,https://extapps2.oge.gov/201/Presiden.nsf/PAS+Index/6C4D1A43A8C5FEFB85258A8E00347317/$FILE/Nuria-Fernandez-10.30.2023-278T.pdf
"Fernandez, Nuria",Nuria-Fernandez-11.29.2023-278T.pdf,278-T,11.29.2023,https://extapps2.oge.gov/201/Presiden.nsf/PAS+Index/04E637F4BA47E1F085258AB800346CCC/$FILE/Nuria-Fernandez-11.29.2023-278T.pdf
"Fernandez, Nuria",Nuria-Fernandez-12.30.2023-278T.pdf,278-T,12.30.2023,https://extapps2.oge.gov/201/Presiden.nsf/PAS+Index/E28FCFEA0C98C73B85258ABE003475D4/$FILE/Nuria-Fernandez-12.30.2023-278T.pdf
"Fernandez, Nuria",Nuria-Fernandez-01.30.2024-278T.pdf,278-T,01.30.2024,https://extapps2.oge.gov/201/Presiden.nsf/PAS+Index/7184E28D061C054985258AE8002EFACA/$FILE/Nuria-Fernandez-01.30.2024-278T.pdf
"Gabbard, Tulsi",Tulsi-Gabbard-05.21.2025-278T.pdf,278-T,05.21.2025,https://extapps2.oge.gov/201/Presiden.nsf/PAS+Index/B4CE0F89A53C856485258C9E002C8AF2/$FILE/Tulsi-Gabbard-05.21.2025-278T.pdf
"Garland, Merrick B",Merrick-B-Garland-07.02.2021-278T.pdf,278-T,07.02.2021,https://extapps2.oge.gov/201/Presiden.nsf/PAS+Index/E83DB6D3037FB0858525871A002E45CF/$FILE/Merrick-B-Garland-07.02.2021-278T.pdf
"Garland, Merrick B",Merrick-B-Garland-08.09.2021-278T.pdf,278-T,08.09.2021,https://extapps2.oge.gov/201/Presiden.nsf/PAS+Index/B3C7A01A45B57C408525873F002E553D/$FILE/Merrick-B-Garland-08.09.2021-278T.pdf
"Granholm, Jennifer",Jennifer-M-Granholm-04.06.2021-278T.pdf,278-T,04.06.2021,https://extapps2.oge.gov/201/Presiden.nsf/PAS+Index/815198A95644AD46852586B9002EC9FC/$FILE/Jennifer-M-Granholm-04.06.2021-278T.pdf
"Granholm, Jennifer",Jennifer-Granholm-05.26.2021-278T.pdf,278-T,05.26.2021,https://extapps2.oge.gov/201/Presiden.nsf/PAS+Index/4E34FDAA1347092F852586E8002E4805/$FILE/Jennifer-Granholm-05.26.2021-278T.pdf
"Granholm, Jennifer",Jennifer-Granholm-12.16.2021-278T.pdf,278-T,12.16.2021,https://extapps2.oge.gov/201/Presiden.nsf/PAS+Index/F13761F51A3FB703852587B90033C757/$FILE/Jennifer-Granholm-12.16.2021-278T.pdf
"Granholm, Jennifer",Jennifer-Granholm-12.15.2021-278T.pdf,278-T,12.15.2021,https://extapps2.oge.gov/201/Presiden.nsf/PAS+Index/32B5352C23E702A4852587B90033C759/$FILE/Jennifer-Granholm-12.15.2021-278T.pdf
"Granholm, Jennifer",Jennifer-Granholm-06.01.2022-278T.pdf,278-T,06.01.2022,https://extapps2.oge.gov/201/Presiden.nsf/PAS+Index/5F46E3045A1E1C648525886F002EC686/$FILE/Jennifer-Granholm-06.01.2022-278T.pdf
"Granholm, Jennifer",Jennifer-Granholm-12.15.2022-278T.pdf,278-T,12.15.2022,https://extapps2.oge.gov/201/Presiden.nsf/PAS+Index/3E784DF2E0C6563B8525892100343BF7/$FILE/Jennifer-Granholm-12.15.2022-278T.pdf
"Granholm, Jennifer",Jennifer-Granholm-01.27.2023-278T.pdf,278-T,01.27.2023,https://extapps2.oge.gov/201/Presiden.nsf/PAS+Index/6DC02098CD0D684D85258948003442F0/$FILE/Jennifer-Granholm-01.27.2023-278T.pdf
"Granholm, Jennifer",Jennifer-Granholm-01.09.2023-278T.pdf,278-T,01.09.2023,https://extapps2.oge.gov/201/Presiden.nsf/PAS+Index/4B16EC2EF93EB09685258948003442F3/$FILE/Jennifer-Granholm-01.09.2023-278T.pdf
"Granholm, Jennifer",Jennifer-Granholm-05.12.2023-278T.pdf,278-T,05.12.2023,https://extapps2.oge.gov/201/Presiden.nsf/PAS+Index/9E1ECDE3522091F0852589C9002EF117/$FILE/Jennifer-Granholm-05.12.2023-278T.pdf
"Granholm, Jennifer",Jennifer-Granholm-06.07.2023-278T.pdf,278-T,06.07.2023,https://extapps2.oge.gov/201/Presiden.nsf/PAS+Index/10731ED1AC82869C852589DC002EF3E9/$FILE/Jennifer-Granholm-06.07.2023-278T.pdf
"Granholm, Jennifer",Jennifer-Granholm-08.31.2023-278T.pdf,278-T,08.31.2023,https://extapps2.oge.gov/201/Presiden.nsf/PAS+Index/26CF97C6373446E885258A36002EF20E/$FILE/Jennifer-Granholm-08.31.2023-278T.pdf
"Granholm, Jennifer",Jennifer-Granholm-11.21.2023-278T.pdf,278-T,11.21.2023,https://extapps2.oge.gov/201/Presiden.nsf/PAS+Index/6C7C977AA405AC1285258A7C00347AD4/$FILE/Jennifer-Granholm-11.21.2023-278T.pdf
"Granholm, Jennifer",Jennifer-Granholm-01.19.2024-278T.pdf,278-T,01.19.2024,https://extapps2.oge.gov/201/Presiden.nsf/PAS+Index/AD1B1BB896ECC21E85258ABE003477AA/$FILE/Jennifer-Granholm-01.19.2024-278T.pdf
"Granholm, Jennifer",Jennifer-Granholm-11.06.2023-278T.pdf,278-T,11.06.2023,https://extapps2.oge.gov/201/Presiden.nsf/PAS+Index/1F93F9B51501C37985258AEF002EFBC8/$FILE/Jennifer-Granholm-11.06.2023-278T.pdf
"Granholm, Jennifer",Jennifer-Granholm-03.13.2023-278T.pdf,278-T,03.13.2023,https://extapps2.oge.gov/201/Presiden.nsf/PAS+Index/B7DEE9D7CA8D82FE85258AEF002EFBD0/$FILE/Jennifer-Granholm-03.13.2023-278T.pdf
"Granholm, Jennifer",Jennifer-Granholm-02.28.2024-278T.pdf,278-T,02.28.2024,https://extapps2.oge.gov/201/Presiden.nsf/PAS+Index/746DA9904D1173FA85258AF5002EFE15/$FILE/Jennifer-Granholm-02.28.2024-278T.pdf
"Granholm, Jennifer",Jennifer-Granholm-05.02.2024-278T.pdf,278-T,05.02.2024,https://extapps2.oge.gov/201/Presiden.nsf/PAS+Index/AC541B7CF56E2CB885258B49002DDBE3/$FILE/Jennifer-Granholm-05.02.2024-278T.pdf
"Granholm, Jennifer",Jennifer-M-Granholm-07.10.2024-278T.pdf,278-T,07.10.2024,https://extapps2.oge.gov/201/Presiden.nsf/PAS+Index/10047F773D0BFE6885258B72002DE3E3/$FILE/Jennifer-M-Granholm-07.10.2024-278T.pdf
"Granholm, Jennifer",Jennifer-Granholm-11.18.2024-278T.pdf,278-T,11.18.2024,https://extapps2.oge.gov/201/Presiden.nsf/PAS+Index/A7DF6C91D33835D985258BF0003365A4/$FILE/Jennifer-Granholm-11.18.2024-278T.pdf
"Granholm, Jennifer",Jennifer-Granholm-11.18.2024-278T (1).pdf,278-T,11.18.2024,https://extapps2.oge.gov/201/Presiden.nsf/PAS+Index/465BCEC9B7A01DDC85258BF0003365AB/$FILE/Jennifer-Granholm-11.18.2024-278T (1).pdf
"Granholm, Jennifer",Jennifer-Granholm-12.20.2024-278T.pdf,278-T,12.20.2024,https://extapps2.oge.gov/201/Presiden.nsf/PAS+Index/15FA0D3447B01A4585258C0B003362A9/$FILE/Jennifer-Granholm-12.20.2024-278T.pdf
"Gupta, Rahul",Rahul-Gupta-02.02.2022-278T.pdf,278-T,02.02.2022,https://extapps2.oge.gov/201/Presiden.nsf/PAS+Index/C2202539AAD78BD0852587FF0033C425/$FILE/Rahul-Gupta-02.02.2022-278T.pdf
"Gupta, Rahul",Rahul-Gupta-04.17.2022-278T.pdf,278-T,04.17.2022,https://extapps2.oge.gov/201/Presiden.nsf/PAS+Index/1C9153BBB1239EBD85258845002EC56B/$FILE/Rahul-Gupta-04.17.2022-278T.pdf
"Gupta, Rahul",Rahul-Gupta-05.17.2022-278T.pdf,278-T,05.17.2022,https://extapps2.oge.gov/201/Presiden.nsf/PAS+Index/90B9C12D9E724CE385258864002EC3F5/$FILE/Rahul-Gupta-05.17.2022-278T.pdf
"Gupta, Rahul",Rahul-Gupta-09.06.2022-278T.pdf,278-T,09.06.2022,https://extapps2.oge.gov/201/Presiden.nsf/PAS+Index/94CA5F98CCA949CE852588C6002ED20D/$FILE/Rahul-Gupta-09.06.2022-278T.pdf
"Gupta, Rahul",Rahul-Gupta-10.19.2022-278T.pdf,278-T,10.19.2022,https://extapps2.oge.gov/201/Presiden.nsf/PAS+Index/9BBFA8D4BA104104852588FB00343B05/$FILE/Rahul-Gupta-10.19.2022-278T.pdf
"Gupta, Rahul",Rahul-Gupta-12.02.2022-278T.pdf,278-T,12.02.2022,https://extapps2.oge.gov/201/Presiden.nsf/PAS+Index/411A4A2FF85100768525891400344B16/$FILE/Rahul-Gupta-12.02.2022-278T.pdf
"Gupta, Rahul",Rahul-Gupta-01.06.2023-278T.pdf,278-T,01.06.2023,https://extapps2.oge.gov/201/Presiden.nsf/PAS+Index/B82A284A52258D688525894800344318/$FILE/Rahul-Gupta-01.06.2023-278T.pdf
"Gupta, Rahul",Rahul-Gupta-02.09.2023-278T.pdf,278-T,02.09.2023,https://extapps2.oge.gov/201/Presiden.nsf/PAS+Index/F2056361107CFA928525896F00343EDF/$FILE/Rahul-Gupta-02.09.2023-278T.pdf
"Gupta, Rahul",Rahul-Gupta-03.06.2023-278T.pdf,278-T,03.06.2023,https://extapps2.oge.gov/201/Presiden.nsf/PAS+Index/614C6E3A6954FFAA85258987002EC090/$FILE/Rahul-Gupta-03.06.2023-278T.pdf
"Gupta, Rahul",Rahul-Gupta-03.01.2024-278T.pdf,278-T,03.01.2024,https://extapps2.oge.gov/201/Presiden.nsf/PAS+Index/63238F1EEC7732AC85258AE8002EFD09/$FILE/Rahul-Gupta-03.01.2024-278T.pdf
"Gupta, Rahul",Rahul-Gupta-06.27.2024-278T.pdf,278-T,06.27.2024,https://extapps2.oge.gov/201/Presiden.nsf/PAS+Index/EB9294C01736DA2A85258B6C002DE502/$FILE/Rahul-Gupta-06.27.2024-278T.pdf
"Gupta, Rahul",Rahul-Gupta-08.12.2024-278T.pdf,278-T,08.12.2024,https://extapps2.oge.gov/201/Presiden.nsf/PAS+Index/E87A7AFF0DEF462185258B8A002DE12C/$FILE/Rahul-Gupta-08.12.2024-278T.pdf
"Gupta, Rahul",Rahul-Gupta-12.15.2024-278T.pdf,278-T,12.15.2024,https://extapps2.oge.gov/201/Presiden.nsf/PAS+Index/065046E34B98020A85258C0F00336121/$FILE/Rahul-Gupta-12.15.2024-278T.pdf
"Haaland, Debra A",Debra-A-Haaland-12.07.2021-278T.pdf,278-T,12.07.2021,https://extapps2.oge.gov/201/Presiden.nsf/PAS+Index/7DBFEF2C8DD162CD852587B90033C782/$FILE/Debra-A-Haaland-12.07.2021-278T.pdf
"Hargan, Eric D.",Eric-D-Hargan-2020-278T.pdf,278-T,,https://extapps2.oge.gov/201/Presiden.nsf/PAS+Index/1806CA95EFBBA732852585FA0027EB9C/$FILE/Eric-D-Hargan-2020-278T.pdf
"Hegseth, Pete",Pete-Hegseth-04.11.2025-278T.pdf,278-T,04.11.2025,https://extapps2.oge.gov/201/Presiden.nsf/PAS+Index/1D97817A20B559D085258CA2002C8C51/$FILE/Pete-Hegseth-04.11.2025-278T.pdf
"Inglis, John C",John-C-Inglis-09.08.2021-278T.pdf,278-T,09.08.2021,https://extapps2.oge.gov/201/Presiden.nsf/PAS+Index/FFA1CDBFB3B9E0BE85258750002E5621/$FILE/John-C-Inglis-09.08.2021-278T.pdf
"Inglis, John C",John-C-Inglis-09.09.2021-278T.pdf,278-T,09.09.2021,https://extapps2.oge.gov/201/Presiden.nsf/PAS+Index/4663AF18F81DFE6785258750002E5623/$FILE/John-C-Inglis-09.09.2021-278T.pdf
"Inglis, John C",John-C-Inglis-10.05.2021-278T.pdf,278-T,10.05.2021,https://extapps2.oge.gov/201/Presiden.nsf/PAS+Index/92FAFD5727D152BF85258773002E47FC/$FILE/John-C-Inglis-10.05.2021-278T.pdf
"Inglis, John C",John-C-Inglis-11.14.2021-278T.pdf,278-T,11.14.2021,https://extapps2.oge.gov/201/Presiden.nsf/PAS+Index/CC6AD5C9FD56AC7F852587960033D1F6/$FILE/John-C-Inglis-11.14.2021-278T.pdf
"Inglis, John C",John-C-Inglis-11.29.2021-278T.pdf,278-T,11.29.2021,https://extapps2.oge.gov/201/Presiden.nsf/PAS+Index/60E8916FDA18DBE2852587A40033CEE8/$FILE/John-C-Inglis-11.29.2021-278T.pdf
"Isaacman, Jared",Jared-Isaacman-03.16.2026-278T.pdf,278-T,03.16.2026,https://extapps2.oge.gov/201/Presiden.nsf/PAS+Index/2D566015C161DDA885258DDC002DB5D1/$FILE/Jared-Isaacman-03.16.2026-278T.pdf
"Isaacman, Jared",Jared-Isaacman-05.27.2026-278T.pdf,278-T,05.27.2026,https://extapps2.oge.gov/201/Presiden.nsf/PAS+Index/A30668A7B4A01CB685258E1A002DBF7B/$FILE/Jared-Isaacman-05.27.2026-278T.pdf
"Jefferson, Philip",Philip-Jefferson-06.24.2022-278T.pdf,278-T,06.24.2022,https://extapps2.oge.gov/201/Presiden.nsf/PAS+Index/C46F482BD75B013D85258886002ED055/$FILE/Philip-Jefferson-06.24.2022-278T.pdf
"Kendall, Frank",Frank-Kendall-10.28.2021-278T.pdf,278-T,10.28.2021,https://extapps2.oge.gov/201/Presiden.nsf/PAS+Index/E5CE05E652191717852587890033C847/$FILE/Frank-Kendall-10.28.2021-278T.pdf
"Kennedy, Robert F",Robert-F-Kennedy-Jr-05.09.2025-278T.pdf,278-T,05.09.2025,https://extapps2.oge.gov/201/Presiden.nsf/PAS+Index/B410FFBD2E16727285258C8D002C7DC5/$FILE/Robert-F-Kennedy-Jr-05.09.2025-278T.pdf
"Kratsios, Michael J",Michael-J-Kratsios-03.18.2025-278T.pdf,278-T,03.18.2025,https://extapps2.oge.gov/201/Presiden.nsf/PAS+Index/C168F84EC148EDC785258C67002C8092/$FILE/Michael-J-Kratsios-03.18.2025-278T.pdf
"Kratsios, Michael J",Michael-J-Kratsios-04.18.2025-278T.pdf,278-T,04.18.2025,https://extapps2.oge.gov/201/Presiden.nsf/PAS+Index/42F9603BA8CD51AE85258C86002C7C13/$FILE/Michael-J-Kratsios-04.18.2025-278T.pdf
"Kratsios, Michael J",Michael-J-Kratsios-05.11.2025-278T.pdf,278-T,05.11.2025,https://extapps2.oge.gov/201/Presiden.nsf/PAS+Index/369A503ADD28202C85258C8C002C7CE7/$FILE/Michael-J-Kratsios-05.11.2025-278T.pdf
"Kratsios, Michael J",Michael-J-Kratsios-06.24.2025-278T.pdf,278-T,06.24.2025,https://extapps2.oge.gov/201/Presiden.nsf/PAS+Index/25B7D3B2253E46BB85258CC9002C84A3/$FILE/Michael-J-Kratsios-06.24.2025-278T.pdf
"Kratsios, Michael J",Michael-J-Kratsios-06.09.2025-278T.pdf,278-T,06.09.2025,https://extapps2.oge.gov/201/Presiden.nsf/PAS+Index/B50015413EC02B9085258CC9002C84A8/$FILE/Michael-J-Kratsios-06.09.2025-278T.pdf
"Kratsios, Michael J",Michael-J-Kratsios-07.15.2025-278T.pdf,278-T,07.15.2025,https://extapps2.oge.gov/201/Presiden.nsf/PAS+Index/DB50C7FE9979CB3885258CCC002C8B0A/$FILE/Michael-J-Kratsios-07.15.2025-278T.pdf
"Kratsios, Michael J",Michael-J-Kratsios-07.25.2025-278T.pdf,278-T,07.25.2025,https://extapps2.oge.gov/201/Presiden.nsf/PAS+Index/2DA8F217908CB8BC85258CDB002C8F7D/$FILE/Michael-J-Kratsios-07.25.2025-278T.pdf
"Kratsios, Michael J",Michael-Kratsios-08.19.2025-278T.pdf,278-T,08.19.2025,https://extapps2.oge.gov/201/Presiden.nsf/PAS+Index/22DE32094599FF7A85258D09002C0B42/$FILE/Michael-Kratsios-08.19.2025-278T.pdf
"Kratsios, Michael J",Michael-J-Kratsios-01.10.2026-278T.pdf,278-T,01.10.2026,https://extapps2.oge.gov/201/Presiden.nsf/PAS+Index/D7C2637F0A46A2D985258D8C003460DE/$FILE/Michael-J-Kratsios-01.10.2026-278T.pdf
"Kratsios, Michael J",Michael-J-Kratsios-03.29.2026-278T.pdf,278-T,03.29.2026,https://extapps2.oge.gov/201/Presiden.nsf/PAS+Index/C4BF8463CF0AE7AE85258DDC002DBBFB/$FILE/Michael-J-Kratsios-03.29.2026-278T.pdf
"Kugler, Adriana",Adriana-Kugler-11.29.2023-278T.pdf,278-T,11.29.2023,https://extapps2.oge.gov/201/Presiden.nsf/PAS+Index/A3AC99D01DBBBBBC85258A8400347D80/$FILE/Adriana-Kugler-11.29.2023-278T.pdf
"Kugler, Adriana",Adriana-Kugler-09.14.2024-278T.pdf,278-T,09.14.2024,https://extapps2.oge.gov/201/Presiden.nsf/PAS+Index/717AB6B5822B9CBA85258BC0002DE3A9/$FILE/Adriana-Kugler-09.14.2024-278T.pdf
"Kugler, Adriana",Adriana-Kugler-12.24.2024-278T.pdf,278-T,12.24.2024,https://extapps2.oge.gov/201/Presiden.nsf/PAS+Index/D1023B12EDBD6FC085258C0F00336468/$FILE/Adriana-Kugler-12.24.2024-278T.pdf
"Kupor, Scott A",Scott-A-Kupor-09.12.2025-278T.pdf,278-T,09.12.2025,https://extapps2.oge.gov/201/Presiden.nsf/PAS+Index/689E88A6FDFF4BE885258D16002C0DD7/$FILE/Scott-A-Kupor-09.12.2025-278T.pdf
"Kupor, Scott A",Scott-A-Kupor-09.02.2025-278T.pdf,278-T,09.02.2025,https://extapps2.oge.gov/201/Presiden.nsf/PAS+Index/CE7BF167A72A316885258D16002C0DE0/$FILE/Scott-A-Kupor-09.02.2025-278T.pdf
"Kupor, Scott A",Scott-A-Kupor-09.26.2025-278T.pdf,278-T,09.26.2025,https://extapps2.oge.gov/201/Presiden.nsf/PAS+Index/F3E4FE48A7ADA0E285258D4F00319101/$FILE/Scott-A-Kupor-09.26.2025-278T.pdf
"Kupor, Scott A",Scott-A-Kupor-07.28.2025-278T.pdf,278-T,07.28.2025,https://extapps2.oge.gov/201/Presiden.nsf/PAS+Index/FEB1C36F302B4E7385258D7100345286/$FILE/Scott-A-Kupor-07.28.2025-278T.pdf
"Kupor, Scott A",Scott-A-Kupor-10.08.2025-278T.pdf,278-T,10.08.2025,https://extapps2.oge.gov/201/Presiden.nsf/PAS+Index/E0F6CD03D5B35F9785258D8F003461CE/$FILE/Scott-A-Kupor-10.08.2025-278T.pdf
"Kupor, Scott A",Scott-A-Kupor-01.09.2026-278T.pdf,278-T,01.09.2026,https://extapps2.oge.gov/201/Presiden.nsf/PAS+Index/3B5D301E5EACE5C885258DB300345F78/$FILE/Scott-A-Kupor-01.09.2026-278T.pdf
"Kupor, Scott A",Scott-A-Kupor-02.06.2026-278T.pdf,278-T,02.06.2026,https://extapps2.oge.gov/201/Presiden.nsf/PAS+Index/7593B0EA0A3AF52085258DBA002EE4AC/$FILE/Scott-A-Kupor-02.06.2026-278T.pdf
"Kupor, Scott A",Scott-A-Kupor-04.20.2026-278T.pdf,278-T,04.20.2026,https://extapps2.oge.gov/201/Presiden.nsf/PAS+Index/574C5AAD33A157FE85258DEA002DB4F0/$FILE/Scott-A-Kupor-04.20.2026-278T.pdf
"Landau, Christopher",Christopher-Lundau-05.22.2025-278T.pdf,278-T,05.22.2025,https://extapps2.oge.gov/201/Presiden.nsf/PAS+Index/8047AB6EB94C751185258CC9002C850B/$FILE/Christopher-Lundau-05.22.2025-278T.pdf
"Lander, Eric S",Eric-S-Lander-08.25.2021-278T.pdf,278-T,08.25.2021,https://extapps2.oge.gov/201/Presiden.nsf/PAS+Index/56E9925D4A691F508525874A002E586E/$FILE/Eric-S-Lander-08.25.2021-278T.pdf
"Lander, Eric S",Eric-S-Lander-10.21.2021-278T.pdf,278-T,10.21.2021,https://extapps2.oge.gov/201/Presiden.nsf/PAS+Index/0FFF6612F0745BE78525878F0033CC82/$FILE/Eric-S-Lander-10.21.2021-278T.pdf
"Lander, Eric S",Eric-S-Lander-12.13.2021-278T.pdf,278-T,12.13.2021,https://extapps2.oge.gov/201/Presiden.nsf/PAS+Index/3AB699D5E5CB98D5852587B90033C919/$FILE/Eric-S-Lander-12.13.2021-278T.pdf
"Lander, Eric S",Eric-S-Lander-02.07.2022-278T.pdf,278-T,02.07.2022,https://extapps2.oge.gov/201/Presiden.nsf/PAS+Index/BB8D15E6297FA213852587FF0033C57A/$FILE/Eric-S-Lander-02.07.2022-278T.pdf
"Lawrence, Paul R",Paul-R-Lawrence-06.11.2025-278T.pdf,278-T,06.11.2025,https://extapps2.oge.gov/201/Presiden.nsf/PAS+Index/5B8B5CEB2359CA1D85258CC4002C8A8E/$FILE/Paul-R-Lawrence-06.11.2025-278T.pdf
"Lutnick, Howard",Howard-Lutnick-06.17.2025-278T.pdf,278-T,06.17.2025,https://extapps2.oge.gov/201/Presiden.nsf/PAS+Index/66A69EB879848CF885258CC9002C8582/$FILE/Howard-Lutnick-06.17.2025-278T.pdf
"Lutnick, Howard",Howard-Lutnick-11.05.2025-278T.pdf,278-T,11.05.2025,https://extapps2.oge.gov/201/Presiden.nsf/PAS+Index/8C12E5475578E84385258D5C00345940/$FILE/Howard-Lutnick-11.05.2025-278T.pdf
"MacGregor, Katharine",Katharine-MacGregor-07.01.2020-278T.pdf,278-T,07.01.2020,https://extapps2.oge.gov/201/Presiden.nsf/PAS+Index/D3AD148822D68054852585B30027DBDA/$FILE/Katharine-MacGregor-07.01.2020-278T.pdf
"MacGregor, Katharine",Katharine-MacGregor-08.13.2020-278T.pdf,278-T,08.13.2020,https://extapps2.oge.gov/201/Presiden.nsf/PAS+Index/294765D0509B1112852585E10027E9D3/$FILE/Katharine-MacGregor-08.13.2020-278T.pdf
"MacGregor, Katharine",Katharine-MacGregor-08.07.2025-278T.pdf,278-T,08.07.2025,https://extapps2.oge.gov/201/Presiden.nsf/PAS+Index/E7B021C3112F2B3485258CFD002C03E5/$FILE/Katharine-MacGregor-08.07.2025-278T.pdf
"McDonough, Denis R",Denis-R-McDonough-05.14.2021-278T.pdf,278-T,05.14.2021,https://extapps2.oge.gov/201/Presiden.nsf/PAS+Index/32A371DBD8A3C54C852586E8002E4AAB/$FILE/Denis-R-McDonough-05.14.2021-278T.pdf
"McMahon, Linda E",Linda-E-McMahon-05.30.2025-278T.pdf,278-T,05.30.2025,https://extapps2.oge.gov/201/Presiden.nsf/PAS+Index/F0E40BA53AD5CBA385258CC4002C8CCF/$FILE/Linda-E-McMahon-05.30.2025-278T.pdf
"McMahon, Linda E",Linda-McMahon-07.02.2025-278T.pdf,278-T,07.02.2025,https://extapps2.oge.gov/201/Presiden.nsf/PAS+Index/6439C8BBFB85065585258DCC002DC69B/$FILE/Linda-McMahon-07.02.2025-278T.pdf
"McMaster, Sean",Sean-McMaster-09.29.2025-278T.pdf,278-T,09.29.2025,https://extapps2.oge.gov/201/Presiden.nsf/PAS+Index/2B716301C2D9B9D585258D7700345AA8/$FILE/Sean-McMaster-09.29.2025-278T.pdf
"McMaster, Sean",Sean-McMaster-12.11.2025-278T.pdf,278-T,12.11.2025,https://extapps2.oge.gov/201/Presiden.nsf/PAS+Index/14687F0C20F84C2385258D8C00346652/$FILE/Sean-McMaster-12.11.2025-278T.pdf
"McMaster, Sean",Sean-McMaster-12.01.2025-278T.pdf,278-T,12.01.2025,https://extapps2.oge.gov/201/Presiden.nsf/PAS+Index/11B539874B68444985258D8C00346658/$FILE/Sean-McMaster-12.01.2025-278T.pdf
"McMaster, Sean",Sean-McMaster-01.20.2026-278T.pdf,278-T,01.20.2026,https://extapps2.oge.gov/201/Presiden.nsf/PAS+Index/E3D897DB72CEF27F85258DB9002EEB15/$FILE/Sean-McMaster-01.20.2026-278T.pdf
"McMaster, Sean",Sean-McMaster-02.27.2026-278T.pdf,278-T,02.27.2026,https://extapps2.oge.gov/201/Presiden.nsf/PAS+Index/6669428412F0329885258DCC002DC6FF/$FILE/Sean-McMaster-02.27.2026-278T.pdf
"Menezes, Mark W",Mark-W-Menezes-08.12.2020-278T.pdf,278-T,08.12.2020,https://extapps2.oge.gov/201/Presiden.nsf/PAS+Index/39156B514FC57265852585E00027EA4E/$FILE/Mark-W-Menezes-08.12.2020-278T.pdf
"Menezes, Mark W",Mark-W-Menezes-09.18.2020-278T.pdf,278-T,09.18.2020,https://extapps2.oge.gov/201/Presiden.nsf/PAS+Index/4A6C61F6089227F68525860F0027DDF7/$FILE/Mark-W-Menezes-09.18.2020-278T.pdf
"Menezes, Mark W",Mark-W-Menezes-10.02.2020-278T.pdf,278-T,10.02.2020,https://extapps2.oge.gov/201/Presiden.nsf/PAS+Index/285BECF419CFFE3A8525860F0027DDF9/$FILE/Mark-W-Menezes-10.02.2020-278T.pdf
"Menezes, Mark W",Mark-W-Menezes-12.08.2020-278T.pdf,278-T,12.08.2020,https://extapps2.oge.gov/201/Presiden.nsf/PAS+Index/4BEDAF6C5E0A4A698525865C00317C87/$FILE/Mark-W-Menezes-12.08.2020-278T.pdf
"Menezes, Mark W",Mark-W-Menezes-01.13.2021-278T.pdf,278-T,01.13.2021,https://extapps2.oge.gov/201/Presiden.nsf/PAS+Index/C5F5654A2A877587852586850032D98E/$FILE/Mark-W-Menezes-01.13.2021-278T.pdf
"Miller, Jason S",Jason-S-Miller-07.07.2021-278T.pdf,278-T,07.07.2021,https://extapps2.oge.gov/201/Presiden.nsf/PAS+Index/04FA98DDD54E5C408525871A002E4A53/$FILE/Jason-S-Miller-07.07.2021-278T.pdf
"Miran, Stephen I",Stephen-I-Miran-07.21.2025-278T.pdf,278-T,07.21.2025,https://extapps2.oge.gov/201/Presiden.nsf/PAS+Index/2C347E1E940D65A885258CFD002C0504/$FILE/Stephen-I-Miran-07.21.2025-278T.pdf
"Miran, Stephen I",Stephen-I-Miran-12.03.2025-278T.pdf,278-T,12.03.2025,https://extapps2.oge.gov/201/Presiden.nsf/PAS+Index/86C03B37455893E185258D710034584A/$FILE/Stephen-I-Miran-12.03.2025-278T.pdf
"Miran, Stephen I",Stephen-I-Miran-04.03.2026-278T.pdf,278-T,04.03.2026,https://extapps2.oge.gov/201/Presiden.nsf/PAS+Index/4B988978D7A864F785258DE4002DBF44/$FILE/Stephen-I-Miran-04.03.2026-278T.pdf
"Mody, Arjun",Arjun-Mody-02.27.2026-278T.pdf,278-T,02.27.2026,https://extapps2.oge.gov/201/Presiden.nsf/PAS+Index/3F589CB2A272619D85258DD5002DC58C/$FILE/Arjun-Mody-02.27.2026-278T.pdf
"Monaco, Lisa O",Lisa-O-Monaco-07.26.2021-278T.pdf,278-T,07.26.2021,https://extapps2.oge.gov/201/Presiden.nsf/PAS+Index/E3081D0C36020A7D85258729002E4A66/$FILE/Lisa-O-Monaco-07.26.2021-278T.pdf
"Nelson, Clarence W",Clarence-W-Nelson-07.20.2021-278T.pdf,278-T,07.20.2021,https://extapps2.oge.gov/201/Presiden.nsf/PAS+Index/CDD49294C61FB9228525871F002E5071/$FILE/Clarence-W-Nelson-07.20.2021-278T.pdf
"Nelson, Clarence W",Clarence-W-Nelson-06.29.2021-278T.pdf,278-T,06.29.2021,https://extapps2.oge.gov/201/Presiden.nsf/PAS+Index/9C516B0864B699408525871F002E5073/$FILE/Clarence-W-Nelson-06.29.2021-278T.pdf
"Noem, Kristi",Kristi-Noem-07.23.2025-278T.pdf,278-T,07.23.2025,https://extapps2.oge.gov/201/Presiden.nsf/PAS+Index/2B62CBA20DBEA2EF85258CDA002C951F/$FILE/Kristi-Noem-07.23.2025-278T.pdf
"Palm, Andrea",Andrea-Palm-08.06.2021-278T.pdf,278-T,08.06.2021,https://extapps2.oge.gov/201/Presiden.nsf/PAS+Index/99ACF95C8C2D51858525873F002E592E/$FILE/Andrea-Palm-08.06.2021-278T.pdf
"Palm, Andrea",Andrea-Palm-09.21.2021-278T.pdf,278-T,09.21.2021,https://extapps2.oge.gov/201/Presiden.nsf/PAS+Index/7515D2080DEB5EFE8525876D002E57CB/$FILE/Andrea-Palm-09.21.2021-278T.pdf
"Palm, Andrea",Andrea-Palm-12.01.2021-278T.pdf,278-T,12.01.2021,https://extapps2.oge.gov/201/Presiden.nsf/PAS+Index/D9065DE8B96AEC66852587AC0033D4CD/$FILE/Andrea-Palm-12.01.2021-278T.pdf
"Palm, Andrea",Andrea-Palm-09.12.2022-278T.pdf,278-T,09.12.2022,https://extapps2.oge.gov/201/Presiden.nsf/PAS+Index/BFC68D194F9F49788525891000344F36/$FILE/Andrea-Palm-09.12.2022-278T.pdf
"Palm, Andrea",Andrea-Palm-11.22.2022-278T.pdf,278-T,11.22.2022,https://extapps2.oge.gov/201/Presiden.nsf/PAS+Index/EC948FCCABEA0BE58525891300729712/$FILE/Andrea-Palm-11.22.2022-278T.pdf
"Panchanathan, Sethuraman",Sethuraman-Panchanathan-02.03.2021-278T.pdf,278-T,02.03.2021,https://extapps2.oge.gov/201/Presiden.nsf/PAS+Index/FEDE08322D6E7C988525867F0032DA25/$FILE/Sethuraman-Panchanathan-02.03.2021-278T.pdf
"Phelan, John",John-Phelan-11.17.2025-278T(1).pdf,278-T,11.17.2025,https://extapps2.oge.gov/201/Presiden.nsf/PAS+Index/687996565E337F3385258DAB00346FB5/$FILE/John-Phelan-11.17.2025-278T(1).pdf
"Phelan, John",John-Phelan-07.28.2025-278T(2).pdf,278-T,07.28.2025,https://extapps2.oge.gov/201/Presiden.nsf/PAS+Index/DFA1DC5E6B4CE0BF85258DAB00346FD8/$FILE/John-Phelan-07.28.2025-278T(2).pdf
"Phelan, John",John-Phelan-10.02.2025-278T(2).pdf,278-T,10.02.2025,https://extapps2.oge.gov/201/Presiden.nsf/PAS+Index/F6D5E76DFD84296785258DC6002DC61D/$FILE/John-Phelan-10.02.2025-278T(2).pdf
"Phelan, John",John-Phelan-01.09.2026-278T.pdf,278-T,01.09.2026,https://extapps2.oge.gov/201/Presiden.nsf/PAS+Index/68666D69BEFB693D85258DC6002DC641/$FILE/John-Phelan-01.09.2026-278T.pdf
"Phelan, John",John-Phelan-03.12.2026-278T.pdf,278-T,03.12.2026,https://extapps2.oge.gov/201/Presiden.nsf/PAS+Index/A3B6063812E5B0AE85258DE4002DC573/$FILE/John-Phelan-03.12.2026-278T.pdf
"Phelan, John",John-Phelan-11.17.2025-278T(2).pdf,278-T,11.17.2025,https://extapps2.oge.gov/201/Presiden.nsf/PAS+Index/54391EB52FBB07E285258DFF002DCC5D/$FILE/John-Phelan-11.17.2025-278T(2).pdf
"Phelan, John",John-Phelan-05.20.2025-278T.pdf,278-T,05.20.2025,https://extapps2.oge.gov/201/Presiden.nsf/PAS+Index/DC3783D3D22CADA585258DFF002DCC65/$FILE/John-Phelan-05.20.2025-278T.pdf
"Phelan, John",John-Phelan-10.02.2025-278T.pdf,278-T,10.02.2025,https://extapps2.oge.gov/201/Presiden.nsf/PAS+Index/E39628A503BB83E685258E0C002DCEFA/$FILE/John-Phelan-10.02.2025-278T.pdf
"Phelan, John",John-Phelan-05.12.2026-278T.pdf,278-T,05.12.2026,https://extapps2.oge.gov/201/Presiden.nsf/PAS+Index/D17D53F736AD393B85258E0C002DCF1F/$FILE/John-Phelan-05.12.2026-278T.pdf
"Phelan, John",John-Phelan-05.12.2026-278T(1).pdf,278-T,05.12.2026,https://extapps2.oge.gov/201/Presiden.nsf/PAS+Index/8FC040FFB2095EC685258E0C002DCF26/$FILE/John-Phelan-05.12.2026-278T(1).pdf
"Phelan, John",John-Phelan-03.12.2026-278T(3).pdf,278-T,03.12.2026,https://extapps2.oge.gov/201/Presiden.nsf/PAS+Index/DF33C1065800EF1785258E0C002DCF2D/$FILE/John-Phelan-03.12.2026-278T(3).pdf
"Phelan, John",John-Phelan-03.12.2026-278T(1).pdf,278-T,03.12.2026,https://extapps2.oge.gov/201/Presiden.nsf/PAS+Index/E3BE4EA1BA0AC06885258E0D002DCD71/$FILE/John-Phelan-03.12.2026-278T(1).pdf
"Phelan, John",John-Phelan-03.12.2026-278T(2).pdf,278-T,03.12.2026,https://extapps2.oge.gov/201/Presiden.nsf/PAS+Index/20DBB4C97563F8DE85258E0D002DCD7A/$FILE/John-Phelan-03.12.2026-278T(2).pdf
"Powell, Jerome H",Jerome-H-Powell-07.01.2022-278T.pdf,278-T,07.01.2022,https://extapps2.oge.gov/201/Presiden.nsf/PAS+Index/56F642D0F9B84D2985258886002ED470/$FILE/Jerome-H-Powell-07.01.2022-278T.pdf
"Power, Samantha",Samantha-Powers-07.29.2021-278T.pdf,278-T,07.29.2021,https://extapps2.oge.gov/201/Presiden.nsf/PAS+Index/911F5BE8526F535E8525873F002E5981/$FILE/Samantha-Powers-07.29.2021-278T.pdf
"Prabhakar, Arati",Arati-Prabhakar-12.05.2022-278T.pdf,278-T,12.05.2022,https://extapps2.oge.gov/201/Presiden.nsf/PAS+Index/62C04622D9DA0BEA8525892100343F31/$FILE/Arati-Prabhakar-12.05.2022-278T.pdf
"Quarles, Randal K",Randal-K-Quarles-01.03.2021-278T.pdf,278-T,01.03.2021,https://extapps2.oge.gov/201/Presiden.nsf/PAS+Index/D90A031D1C79CF598525866300318182/$FILE/Randal-K-Quarles-01.03.2021-278T.pdf
"Quarles, Randal K",Randal-K-Quarles-03.14.2021-278T.pdf,278-T,03.14.2021,https://extapps2.oge.gov/201/Presiden.nsf/PAS+Index/550DBA30FCE1ED86852586B3002ECD88/$FILE/Randal-K-Quarles-03.14.2021-278T.pdf
"Raimondo, Gina M",Gina-M-Raimondo-01.26.2022-278T.pdf,278-T,01.26.2022,https://extapps2.oge.gov/201/Presiden.nsf/PAS+Index/79F47D7EEFF81B9E852587E40033CA4C/$FILE/Gina-M-Raimondo-01.26.2022-278T.pdf
"Remy, Donald",Donald-M-Remy-10.19.2021-278T.pdf,278-T,10.19.2021,https://extapps2.oge.gov/201/Presiden.nsf/PAS+Index/ED9E70A03D5C4C19852587960033DE57/$FILE/Donald-M-Remy-10.19.2021-278T.pdf
"Remy, Donald",Donald-M-Remy-10.22.2021-278T.pdf,278-T,10.22.2021,https://extapps2.oge.gov/201/Presiden.nsf/PAS+Index/9939294D652178B6852587960033DE60/$FILE/Donald-M-Remy-10.22.2021-278T.pdf
"Remy, Donald",Donald-Remy-06.27.2022-278T.pdf,278-T,06.27.2022,https://extapps2.oge.gov/201/Presiden.nsf/PAS+Index/891E75ADC3AF96DC8525888B002ED1DA/$FILE/Donald-Remy-06.27.2022-278T.pdf
"Remy, Donald",Donald-Remy-08.02.2022-278T.pdf,278-T,08.02.2022,https://extapps2.oge.gov/201/Presiden.nsf/PAS+Index/77AC269CCDA56406852588B1002EBF22/$FILE/Donald-Remy-08.02.2022-278T.pdf
"Remy, Donald",Donald-Remy-09.09.2022-278T.pdf,278-T,09.09.2022,https://extapps2.oge.gov/201/Presiden.nsf/PAS+Index/AF28E914906FB2A4852588E2002EC827/$FILE/Donald-Remy-09.09.2022-278T.pdf
"Remy, Donald",Donald-Remy-11.09.2022-278T.pdf,278-T,11.09.2022,https://extapps2.oge.gov/201/Presiden.nsf/PAS+Index/522A18091910EDDA8525891000345006/$FILE/Donald-Remy-11.09.2022-278T.pdf
"Remy, Donald",Donald-Remy-01.12.2023-278T.pdf,278-T,01.12.2023,https://extapps2.oge.gov/201/Presiden.nsf/PAS+Index/230B6E42A7797D358525895E00345164/$FILE/Donald-Remy-01.12.2023-278T.pdf
"Remy, Donald",Donald-Remy-02.09.2023-278T.pdf,278-T,02.09.2023,https://extapps2.oge.gov/201/Presiden.nsf/PAS+Index/E3D9AC99F31187EF8525897D002EC222/$FILE/Donald-Remy-02.09.2023-278T.pdf
"Remy, Donald",Donald-Remy-10.17.2022-278T.pdf,278-T,10.17.2022,https://extapps2.oge.gov/201/Presiden.nsf/PAS+Index/D89DEF824C3244B185258AEF002F070C/$FILE/Donald-Remy-10.17.2022-278T.pdf
"Ross, Wilbur L",Wilbur-L-Ross-12.23.2020-278T.pdf,278-T,12.23.2020,https://extapps2.oge.gov/201/Presiden.nsf/PAS+Index/055CB92B0D3597A98525865400317E5F/$FILE/Wilbur-L-Ross-12.23.2020-278T.pdf
"Rouse, Cecilia",Cecilia-Rouse-05.24.2021-278T.pdf,278-T,05.24.2021,https://extapps2.oge.gov/201/Presiden.nsf/PAS+Index/6E49C5CE8DAB31B3852586F6002E6634/$FILE/Cecilia-Rouse-05.24.2021-278T.pdf
"Saul, Andrew",Andrew-Saul-06.09.2020-278T.pdf,278-T,06.09.2020,https://extapps2.oge.gov/201/Presiden.nsf/PAS+Index/A4DBE0755276A915852585B30027DE7D/$FILE/Andrew-Saul-06.09.2020-278T.pdf
"Saul, Andrew",Andrew-Saul-07.10.2020-278T.pdf,278-T,07.10.2020,https://extapps2.oge.gov/201/Presiden.nsf/PAS+Index/122523ADC63C7BC1852585B70027DF68/$FILE/Andrew-Saul-07.10.2020-278T.pdf
"Saul, Andrew",Andrew-Saul-08.07.0202-278T.pdf,278-T,08.07.0202,https://extapps2.oge.gov/201/Presiden.nsf/PAS+Index/1E8F26C0A1C52FDF852585C90027E7A2/$FILE/Andrew-Saul-08.07.0202-278T.pdf
"Saul, Andrew",Andrew-Saul-09.11.2020-278T.pdf,278-T,09.11.2020,https://extapps2.oge.gov/201/Presiden.nsf/PAS+Index/DA923A207578947E852586040027E676/$FILE/Andrew-Saul-09.11.2020-278T.pdf
"Saul, Andrew",Andrew-Saul-10.09.2020-278T.pdf,278-T,10.09.2020,https://extapps2.oge.gov/201/Presiden.nsf/PAS+Index/20CBD762FCA3D61085258625002D69C9/$FILE/Andrew-Saul-10.09.2020-278T.pdf
"Saul, Andrew",Andrew-Saul-11.06.2020-278T.pdf,278-T,11.06.2020,https://extapps2.oge.gov/201/Presiden.nsf/PAS+Index/5C69865E4A56ADD88525863B002D606D/$FILE/Andrew-Saul-11.06.2020-278T.pdf
"Saul, Andrew",Andrew-Saul-12.09.2020-278T.pdf,278-T,12.09.2020,https://extapps2.oge.gov/201/Presiden.nsf/PAS+Index/B3BF8B17B5E7B1038525865C00317E5D/$FILE/Andrew-Saul-12.09.2020-278T.pdf
"Saul, Andrew",Andrew-Saul-01.08.2021-278T.pdf,278-T,01.08.2021,https://extapps2.oge.gov/201/Presiden.nsf/PAS+Index/41C5B3A81CE83096852586700032EEC2/$FILE/Andrew-Saul-01.08.2021-278T.pdf
"Saul, Andrew",Andrew-Saul-02.05.2021-278T.pdf,278-T,02.05.2021,https://extapps2.oge.gov/201/Presiden.nsf/PAS+Index/ED109DDDE363440B852586860032DB77/$FILE/Andrew-Saul-02.05.2021-278T.pdf
"Saul, Andrew",Andrew-Saul-03.05.2021-278T.pdf,278-T,03.05.2021,https://extapps2.oge.gov/201/Presiden.nsf/PAS+Index/7B8F3CAF9F542F11852586A2002ECC3A/$FILE/Andrew-Saul-03.05.2021-278T.pdf
"Saul, Andrew",Andrew-Saul-04.07.2021-278T.pdf,278-T,04.07.2021,https://extapps2.oge.gov/201/Presiden.nsf/PAS+Index/34290D9650ACA11C852586BD002EBC0E/$FILE/Andrew-Saul-04.07.2021-278T.pdf
"Saul, Andrew",Andrew-Saul-05.07.2021-278T.pdf,278-T,05.07.2021,https://extapps2.oge.gov/201/Presiden.nsf/PAS+Index/9D3DA43B0D758BDF852586E8002E4C7D/$FILE/Andrew-Saul-05.07.2021-278T.pdf
"Saul, Andrew",Andrew-Saul-06.04.2021-278T.pdf,278-T,06.04.2021,https://extapps2.oge.gov/201/Presiden.nsf/PAS+Index/B82563BFF400840C85258711002E4A7D/$FILE/Andrew-Saul-06.04.2021-278T.pdf
"Saul, Andrew",Andrew-Saul-07.08.2021-278T.pdf,278-T,07.08.2021,https://extapps2.oge.gov/201/Presiden.nsf/PAS+Index/AD6EEF291D05C71C8525871F002E52A8/$FILE/Andrew-Saul-07.08.2021-278T.pdf
"Saul, Andrew",Andrew-Saul-08.12.2021-278T.pdf,278-T,08.12.2021,https://extapps2.oge.gov/201/Presiden.nsf/PAS+Index/3ED1E4FDFC6C216285258761002E59E5/$FILE/Andrew-Saul-08.12.2021-278T.pdf
"Sherman, Wendy R",Wendy-R-Sherman-06.07.2021-278T.pdf,278-T,06.07.2021,https://extapps2.oge.gov/201/Presiden.nsf/PAS+Index/1A3BD00F7AC33A6385258718002E4AA3/$FILE/Wendy-R-Sherman-06.07.2021-278T.pdf
"Sherman, Wendy R",Wendy-R-Sherman-06.07.2021-278T.pdf,278-T,06.07.2021,https://extapps2.oge.gov/201/Presiden.nsf/PAS+Index/D3BCC865EF5E39F585258718002E4AA5/$FILE/Wendy-R-Sherman-06.07.2021-278T.pdf
"Sherman, Wendy R",Wendy-R-Sherman-07.16.2021-278T.pdf,278-T,07.16.2021,https://extapps2.oge.gov/201/Presiden.nsf/PAS+Index/FF8AE2A3F654323E8525873E002E5A9B/$FILE/Wendy-R-Sherman-07.16.2021-278T.pdf
"Sherman, Wendy R",Wendy-R-Sherman-08.13.2021-278T.pdf,278-T,08.13.2021,https://extapps2.oge.gov/201/Presiden.nsf/PAS+Index/9431D6AE3A5AF0EF8525873F002E5A96/$FILE/Wendy-R-Sherman-08.13.2021-278T.pdf
"Sherman, Wendy R",Wendy-R-Sherman-08.22.2021-278T.pdf,278-T,08.22.2021,https://extapps2.oge.gov/201/Presiden.nsf/PAS+Index/3901FD3C2867378785258742002E5B72/$FILE/Wendy-R-Sherman-08.22.2021-278T.pdf
"Sherman, Wendy R",Wendy-R-Sherman-02.01.2022-278T.pdf,278-T,02.01.2022,https://extapps2.oge.gov/201/Presiden.nsf/PAS+Index/CAA149006335AEE3852587FF0033C842/$FILE/Wendy-R-Sherman-02.01.2022-278T.pdf
"Sherman, Wendy R",Wendy-R-Sherman-02.04.2022-278T.pdf,278-T,02.04.2022,https://extapps2.oge.gov/201/Presiden.nsf/PAS+Index/8322A7318F4AC41D8525880E002E6384/$FILE/Wendy-R-Sherman-02.04.2022-278T.pdf
"Sherman, Wendy R",Wendy-R-Sherman-03-31-2022-278T.pdf,278-T,,https://extapps2.oge.gov/201/Presiden.nsf/PAS+Index/4A118C46DB99335A8525883E002E4AFF/$FILE/Wendy-R-Sherman-03-31-2022-278T.pdf
"Sherman, Wendy R",Wendy-R-Sherman-10.06.2022-278T.pdf,278-T,10.06.2022,https://extapps2.oge.gov/201/Presiden.nsf/PAS+Index/15D52DE04D9C333C852588EF002EC962/$FILE/Wendy-R-Sherman-10.06.2022-278T.pdf
"Sherman, Wendy R",Wendy-R-Sherman-11.03.2022-278T.pdf,278-T,11.03.2022,https://extapps2.oge.gov/201/Presiden.nsf/PAS+Index/B6E45149ED1CF69985258910003450F0/$FILE/Wendy-R-Sherman-11.03.2022-278T.pdf
"Sherman, Wendy R",Wendy-R-Sherman-11.14.2022-278T.pdf,278-T,11.14.2022,https://extapps2.oge.gov/201/Presiden.nsf/PAS+Index/09667320BCEC281F8525891300729A8A/$FILE/Wendy-R-Sherman-11.14.2022-278T.pdf
"Sherman, Wendy R",Wendy-R-Sherman-12.15.2022-278T.pdf,278-T,12.15.2022,https://extapps2.oge.gov/201/Presiden.nsf/PAS+Index/0EC7965654D638118525892100344046/$FILE/Wendy-R-Sherman-12.15.2022-278T.pdf
"Sherman, Wendy R",Wendy-R-Sherman-01.05.2022-278T.pdf,278-T,01.05.2022,https://extapps2.oge.gov/201/Presiden.nsf/PAS+Index/BA54D665193B88C58525894F00344945/$FILE/Wendy-R-Sherman-01.05.2022-278T.pdf
"Sonderling, Keith",Keith-Sonderling-04.21.2025-278T.pdf,278-T,04.21.2025,https://extapps2.oge.gov/201/Presiden.nsf/PAS+Index/7ADAE025CB4460B285258C8A002C85CE/$FILE/Keith-Sonderling-04.21.2025-278T.pdf
"Turner, Eric Scott",Eric-Scott-Turner-03.04.2025-278T.pdf,278-T,03.04.2025,https://extapps2.oge.gov/201/Presiden.nsf/PAS+Index/BF782DF3A2A5684F85258C58002C87DB/$FILE/Eric-Scott-Turner-03.04.2025-278T.pdf
"Turner, Eric Scott",Eric-Scott-Turner-01.16.2026-278T.pdf,278-T,01.16.2026,https://extapps2.oge.gov/201/Presiden.nsf/PAS+Index/3A9FB168C78ABC2885258DCC002DDC8D/$FILE/Eric-Scott-Turner-01.16.2026-278T.pdf
"Vaden, Stephen A",Stephen-A-Vaden-03.19.2026-278T.pdf,278-T,03.19.2026,https://extapps2.oge.gov/201/Presiden.nsf/PAS+Index/26AA499A708D62B285258DDC002DD79C/$FILE/Stephen-A-Vaden-03.19.2026-278T.pdf
"Vilsack, Thomas J",Thomas-J-Vilsack-12.14.2023-278T.pdf,278-T,12.14.2023,https://extapps2.oge.gov/201/Presiden.nsf/PAS+Index/7A83EAE7D0742AD585258A8E003484B8/$FILE/Thomas-J-Vilsack-12.14.2023-278T.pdf
"Whitaker, Michael",Michael-Whitaker-12.05.2023-278T.pdf,278-T,12.05.2023,https://extapps2.oge.gov/201/Presiden.nsf/PAS+Index/9AA54EBCD9524B2785258AA2003493CD/$FILE/Michael-Whitaker-12.05.2023-278T.pdf
"Whitaker, Michael",Michael-Whitaker-01.24.2024-278T.pdf,278-T,01.24.2024,https://extapps2.oge.gov/201/Presiden.nsf/PAS+Index/9FE9B64160567BA585258AE8002F0EEE/$FILE/Michael-Whitaker-01.24.2024-278T.pdf
"Whitaker, Michael",Michael-Whitaker-03.07.2024-278T.pdf,278-T,03.07.2024,https://extapps2.oge.gov/201/Presiden.nsf/PAS+Index/0B06315BB4E757EE85258B0B002F0FC4/$FILE/Michael-Whitaker-03.07.2024-278T.pdf
"Whitaker, Michael",Michael-Whitaker-07.01.2024-278T.pdf,278-T,07.01.2024,https://extapps2.oge.gov/201/Presiden.nsf/PAS+Index/1D6326BD7BC8EA6785258B78002DF46D/$FILE/Michael-Whitaker-07.01.2024-278T.pdf
"Whitaker, Michael",Michael-Whitaker-09.04.2024-278T.pdf,278-T,09.04.2024,https://extapps2.oge.gov/201/Presiden.nsf/PAS+Index/5869AEBEFF9021F185258BB3002DE6F6/$FILE/Michael-Whitaker-09.04.2024-278T.pdf
"Whitaker, Michael",Michael-Whitaker-01.02.2025-278T.pdf,278-T,01.02.2025,https://extapps2.oge.gov/201/Presiden.nsf/PAS+Index/6FD7FCF61FFBC2E585258C36003206A2/$FILE/Michael-Whitaker-01.02.2025-278T.pdf
"Wright, Christopher A",Christopher-A-Wright-03.19.2025-278T.pdf,278-T,03.19.2025,https://extapps2.oge.gov/201/Presiden.nsf/PAS+Index/5057175949E7195F85258C70002C8C7C/$FILE/Christopher-A-Wright-03.19.2025-278T.pdf
"Wright, Christopher A",Christopher-A-Wright-04.29.2025-278T.pdf,278-T,04.29.2025,https://extapps2.oge.gov/201/Presiden.nsf/PAS+Index/22DA3D3F7F65344C85258CC8002C8F08/$FILE/Christopher-A-Wright-04.29.2025-278T.pdf
"Wright, Christopher A",Christopher-A-Wright-07.01.2025-278T.pdf,278-T,07.01.2025,https://extapps2.oge.gov/201/Presiden.nsf/PAS+Index/B30D247EB32A424585258D0A002C189C/$FILE/Christopher-A-Wright-07.01.2025-278T.pdf
"Wright, Christopher A",Christopher-A-Wright-01.13.2026-278T.pdf,278-T,01.13.2026,https://extapps2.oge.gov/201/Presiden.nsf/PAS+Index/22F95E0EAFBF6F1D85258DCC002DDF75/$FILE/Christopher-A-Wright-01.13.2026-278T.pdf
"Yellen, Janet L",Janet-L-Yellen-02.13.2021-278T.pdf,278-T,02.13.2021,https://extapps2.oge.gov/201/Presiden.nsf/PAS+Index/BF7C42E603E505EE85258695003439E4/$FILE/Janet-L-Yellen-02.13.2021-278T.pdf
"Yellen, Janet L",Janet-L-Yellen-02.20.2021-278T.pdf,278-T,02.20.2021,https://extapps2.oge.gov/201/Presiden.nsf/PAS+Index/C6ECAB5C658BC11E85258695003439E6/$FILE/Janet-L-Yellen-02.20.2021-278T.pdf
"Zais, Mitchell M",Mitchell-M-Zais-07.27.2020-278T.pdf,278-T,07.27.2020,https://extapps2.oge.gov/201/Presiden.nsf/PAS+Index/BB5C7252F2A8AFCF852585D10027F1D3/$FILE/Mitchell-M-Zais-07.27.2020-278T.pdf
"Zais, Mitchell M",Mitchell-M-Zais-10.21.2020-278T.pdf,278-T,10.21.2020,https://extapps2.oge.gov/201/Presiden.nsf/PAS+Index/0359E799BD4A71EB8525863B002D619E/$FILE/Mitchell-M-Zais-10.21.2020-278T.pdf
"Zeldin, Lee",Lee-Zeldin-06.17.2025-278T.pdf,278-T,06.17.2025,https://extapps2.oge.gov/201/Presiden.nsf/PAS+Index/2BFB742EED1C86DA85258CC8002C8F28/$FILE/Lee-Zeldin-06.17.2025-278T.pdf
"Zeldin, Lee",Lee-Zeldin-09-24-2025-278T.pdf,278-T,,https://extapps2.oge.gov/201/Presiden.nsf/PAS+Index/1F2CA5D27DDE1D9085258D460031984D/$FILE/Lee-Zeldin-09-24-2025-278T.pdf
"Trump, Donald J.",Donald-J-Trump-08.12.2025-278T.pdf,278-T,08.12.2025,https://extapps2.oge.gov/201/Presiden.nsf/PAS+Index/E9C024E25C9E4B2085258CEB006E7E23/$FILE/Donald-J-Trump-08.12.2025-278T.pdf
"Trump, Donald J.",Donald-J-Trump-08.12.2025-278T(2) AMENDED.pdf,278-T,08.12.2025,https://extapps2.oge.gov/201/Presiden.nsf/PAS+Index/024D876AAE518C5085258CEB006E7E2E/$FILE/Donald-J-Trump-08.12.2025-278T(2) AMENDED.pdf
"Trump, Donald J.",Donald-J-Trump-08.12.2025-278T(3).pdf,278-T,08.12.2025,https://extapps2.oge.gov/201/Presiden.nsf/PAS+Index/5315A095A2EE1B9185258CEB006E7E36/$FILE/Donald-J-Trump-08.12.2025-278T(3).pdf
"Trump, Donald J.",Donald J. Trump 9.3.25 278-T.pdf,278-T,,https://extapps2.oge.gov/201/Presiden.nsf/PAS+Index/322B8A28DB21CC9285258CFD002C0D0B/$FILE/Donald J. Trump 9.3.25 278-T.pdf
"Trump, Donald J.",Donald J. Trump 10.17.2025 278-T.pdf,278-T,10.17.2025,https://extapps2.oge.gov/201/Presiden.nsf/PAS+Index/AA799A2729B4D1BE85258D430031A320/$FILE/Donald J. Trump 10.17.2025 278-T.pdf
"Trump, Donald J.",Donald J. Trump 10.20.2025 278-T.pdf,278-T,10.20.2025,https://extapps2.oge.gov/201/Presiden.nsf/PAS+Index/2C89623DC721F62585258D430031A32A/$FILE/Donald J. Trump 10.20.2025 278-T.pdf
"Trump, Donald J.",Donald J. Trump 10.20.2025 278-T (2).pdf,278-T,10.20.2025,https://extapps2.oge.gov/201/Presiden.nsf/PAS+Index/18353894FE440B3685258D430031A337/$FILE/Donald J. Trump 10.20.2025 278-T (2).pdf
"Trump, Donald J.",Donald J. Trump 11.14.2025 278-T.pdf,278-T,11.14.2025,https://extapps2.oge.gov/201/Presiden.nsf/PAS+Index/903A217DC18563EC85258D4A0031B044/$FILE/Donald J. Trump 11.14.2025 278-T.pdf
"Trump, Donald J.",Donald J. Trump 12.18.2025 278-T.pdf,278-T,12.18.2025,https://extapps2.oge.gov/201/Presiden.nsf/PAS+Index/87BFE542A2751E0285258D6600346FCD/$FILE/Donald J. Trump 12.18.2025 278-T.pdf
"Trump, Donald J.",Donald-J-Trump 1.14.2026-278T.pdf,278-T,01.14.2026,https://extapps2.oge.gov/201/Presiden.nsf/PAS+Index/268353939B7DACB585258D81003471B1/$FILE/Donald-J-Trump 1.14.2026-278T.pdf
"Trump, Donald J.",Donald J. Trump 2.26.2026 278-T (1).pdf,278-T,02.26.2026,https://extapps2.oge.gov/201/Presiden.nsf/PAS+Index/174165F6E1E120B185258DB000347F54/$FILE/Donald J. Trump 2.26.2026 278-T (1).pdf
"Trump, Donald J.",Donald J. Trump 2.26.2026 278-T (2).pdf,278-T,02.26.2026,https://extapps2.oge.gov/201/Presiden.nsf/PAS+Index/BCF60D94B8F1E59285258DB000347F61/$FILE/Donald J. Trump 2.26.2026 278-T (2).pdf
"Trump, Donald J.",Donald-J-Trump-4.20.2026-278T.pdf,278-T,04.20.2026,https://extapps2.oge.gov/201/Presiden.nsf/PAS+Index/CD75555856A7D2E485258DE4002DD4A0/$FILE/Donald-J-Trump-4.20.2026-278T.pdf
"Trump, Donald J.","Trump, Donald J.-05.08.2026-278T.pdf",278-T,05.08.2026,"https://extapps2.oge.gov/201/Presiden.nsf/PAS+Index/5326D3AF5BE7C25385258DF7002DD1B7/$FILE/Trump, Donald J.-05.08.2026-278T.pdf"
"Trump, Donald J.","Trump, Donald J.-05.08.2026-278T(2).pdf",278-T,05.08.2026,"https://extapps2.oge.gov/201/Presiden.nsf/PAS+Index/405E4EC4E27BE8D185258DF7002DD1C0/$FILE/Trump, Donald J.-05.08.2026-278T(2).pdf"
"Trump, Donald J.",Donald-J-Trump-06.25.2026-278T.pdf,278-T,06.25.2026,https://extapps2.oge.gov/201/Presiden.nsf/PAS+Index/AC43530823BD60D485258E27002DDEF7/$FILE/Donald-J-Trump-06.25.2026-278T.pdf
"Trump, Donald J.",Donald-J-Trump-06.25.2026-278T (2).pdf,278-T,06.25.2026,https://extapps2.oge.gov/201/Presiden.nsf/PAS+Index/F9CA13B970439E8F85258E27002DDF15/$FILE/Donald-J-Trump-06.25.2026-278T (2).pdf
